[
    {
        "name": "stripe/stripe-php",
        "version": "v7.16.0",
        "version_normalized": "7.16.0.0",
        "source": {
            "type": "git",
            "url": "https://github.com/stripe/stripe-php.git",
            "reference": "7f6e7edfc8a2641da714ce122efbb730a22b4ddb"
        },
        "dist": {
            "type": "zip",
            "url": "https://api.github.com/repos/stripe/stripe-php/zipball/7f6e7edfc8a2641da714ce122efbb730a22b4ddb",
            "reference": "7f6e7edfc8a2641da714ce122efbb730a22b4ddb",
            "shasum": ""
        },
        "require": {
            "ext-curl": "*",
            "ext-json": "*",
            "ext-mbstring": "*",
            "php": ">=5.6.0"
        },
        "require-dev": {
            "friendsofphp/php-cs-fixer": "^2.15",
            "php-coveralls/php-coveralls": "^2.1",
            "phpunit/phpunit": "^5.7",
            "squizlabs/php_codesniffer": "^3.3",
            "symfony/process": "~3.4"
        },
        "time": "2020-01-07T02:09:57+00:00",
        "type": "library",
        "extra": {
            "branch-alias": {
                "dev-master": "2.0-dev"
            }
        },
        "installation-source": "dist",
        "autoload": {
            "psr-4": {
                "Stripe\\": "lib/"
            }
        },
        "notification-url": "https://packagist.org/downloads/",
        "license": [
            "MIT"
        ],
        "authors": [
            {
                "name": "Stripe and contributors",
                "homepage": "https://github.com/stripe/stripe-php/contributors"
            }
        ],
        "description": "Stripe PHP Library",
        "homepage": "https://stripe.com/",
        "keywords": [
            "api",
            "payment processing",
            "stripe"
        ]
    }
]
